"","Gender","Year","Percent"
"1","Female","2016",0.341789052069426
"2","Female","2017",0.329601990049751
"3","Female","2018",0.362745098039216
"4","Female","2019",0.361144219308701
"5","Female","2020",0.412628487518355
"6","Male","2016",0.658210947930574
"7","Male","2017",0.670398009950249
"8","Male","2018",0.637254901960784
"9","Male","2019",0.638855780691299
"10","Male","2020",0.587371512481645
