"","variables","sum","total","percent"
"1","Female",2649,15094,17.5500198754472
"2","Male",3538,16382,21.5968746184837
